[
  {
    "model": "station.station",
    "pk": 1,
    "fields": {
      "name": "Kyiv-Pasazhyrskyi",
      "latitude": 50.4404,
      "longitude": 30.4881
    }
  },
  {
    "model": "station.station",
    "pk": 2,
    "fields": {
      "name": "Lviv",
      "latitude": 49.8397,
      "longitude": 24.0297
    }
  },
  {
    "model": "station.station",
    "pk": 3,
    "fields": {
      "name": "Odesa-Holovna",
      "latitude": 46.4642,
      "longitude": 30.7394
    }
  },
  {
    "model": "station.station",
    "pk": 4,
    "fields": {
      "name": "Dnipro-Holovnyi",
      "latitude": 48.4630,
      "longitude": 35.0455
    }
  },
  {
    "model": "station.station",
    "pk": 5,
    "fields": {
      "name": "Kharkiv-Pasazhyrskyi",
      "latitude": 50.0021,
      "longitude": 36.2292
    }
  },
  {
    "model": "station.station",
    "pk": 6,
    "fields": {
      "name": "Zaporizhzhia 1",
      "latitude": 47.8229,
      "longitude": 35.1765
    }
  },
  {
    "model": "station.station",
    "pk": 7,
    "fields": {
      "name": "Vinnytsia",
      "latitude": 49.2328,
      "longitude": 28.4625
    }
  },
  {
    "model": "station.station",
    "pk": 8,
    "fields": {
      "name": "Ivano-Frankivsk",
      "latitude": 48.9230,
      "longitude": 24.7104
    }
  },
  {
    "model": "station.station",
    "pk": 9,
    "fields": {
      "name": "Ternopil",
      "latitude": 49.5535,
      "longitude": 25.5948
    }
  },
  {
    "model": "station.station",
    "pk": 10,
    "fields": {
      "name": "Rivne",
      "latitude": 50.6199,
      "longitude": 26.2516
    }
  },
  {
    "model": "station.station",
    "pk": 11,
    "fields": {
      "name": "Cherkasy",
      "latitude": 49.4250,
      "longitude": 32.0633
    }
  },
  {
    "model": "station.station",
    "pk": 12,
    "fields": {
      "name": "Poltava-Kyivska",
      "latitude": 49.6027,
      "longitude": 34.5333
    }
  },
  {
    "model": "station.station",
    "pk": 13,
    "fields": {
      "name": "Kremenchuk",
      "latitude": 49.0737,
      "longitude": 33.4210
    }
  },
  {
    "model": "station.station",
    "pk": 14,
    "fields": {
      "name": "Mykolaiv",
      "latitude": 46.9537,
      "longitude": 32.0412
    }
  },
  {
    "model": "station.station",
    "pk": 15,
    "fields": {
      "name": "Kropyvnytskyi",
      "latitude": 48.5132,
      "longitude": 32.2704
    }
  },
  {
    "model": "station.station",
    "pk": 16,
    "fields": {
      "name": "Sumy",
      "latitude": 50.9101,
      "longitude": 34.7981
    }
  },
  {
    "model": "station.station",
    "pk": 17,
    "fields": {
      "name": "Lutsk",
      "latitude": 50.7573,
      "longitude": 25.3420
    }
  },
  {
    "model": "station.station",
    "pk": 18,
    "fields": {
      "name": "Chernivtsi",
      "latitude": 48.2908,
      "longitude": 25.9341
    }
  },
  {
    "model": "station.station",
    "pk": 19,
    "fields": {
      "name": "Zhytomyr",
      "latitude": 50.2547,
      "longitude": 28.6573
    }
  },
  {
    "model": "station.station",
    "pk": 20,
    "fields": {
      "name": "Uzhhorod",
      "latitude": 48.6214,
      "longitude": 22.2879
    }
  },
  {
    "model": "station.route",
    "pk": 1,
    "fields": {
      "source": 1,
      "destination": 2,
      "distance": 540
    }
  },
  {
    "model": "station.route",
    "pk": 2,
    "fields": {
      "source": 2,
      "destination": 3,
      "distance": 790
    }
  },
  {
    "model": "station.route",
    "pk": 3,
    "fields": {
      "source": 3,
      "destination": 4,
      "distance": 510
    }
  },
  {
    "model": "station.route",
    "pk": 4,
    "fields": {
      "source": 4,
      "destination": 5,
      "distance": 217
    }
  },
  {
    "model": "station.route",
    "pk": 5,
    "fields": {
      "source": 5,
      "destination": 6,
      "distance": 305
    }
  },
  {
    "model": "station.route",
    "pk": 6,
    "fields": {
      "source": 6,
      "destination": 7,
      "distance": 378
    }
  },
  {
    "model": "station.route",
    "pk": 7,
    "fields": {
      "source": 7,
      "destination": 8,
      "distance": 255
    }
  },
  {
    "model": "station.route",
    "pk": 8,
    "fields": {
      "source": 8,
      "destination": 9,
      "distance": 135
    }
  },
  {
    "model": "station.route",
    "pk": 9,
    "fields": {
      "source": 9,
      "destination": 10,
      "distance": 250
    }
  },
  {
    "model": "station.route",
    "pk": 10,
    "fields": {
      "source": 10,
      "destination": 11,
      "distance": 150
    }
  },
  {
    "model": "station.route",
    "pk": 11,
    "fields": {
      "source": 11,
      "destination": 12,
      "distance": 170
    }
  },
  {
    "model": "station.route",
    "pk": 12,
    "fields": {
      "source": 12,
      "destination": 13,
      "distance": 75
    }
  },
  {
    "model": "station.route",
    "pk": 13,
    "fields": {
      "source": 13,
      "destination": 14,
      "distance": 130
    }
  },
  {
    "model": "station.route",
    "pk": 14,
    "fields": {
      "source": 14,
      "destination": 15,
      "distance": 240
    }
  },
  {
    "model": "station.route",
    "pk": 15,
    "fields": {
      "source": 15,
      "destination": 16,
      "distance": 350
    }
  },
  {
    "model": "station.route",
    "pk": 16,
    "fields": {
      "source": 16,
      "destination": 17,
      "distance": 170
    }
  },
  {
    "model": "station.route",
    "pk": 17,
    "fields": {
      "source": 17,
      "destination": 18,
      "distance": 190
    }
  },
  {
    "model": "station.route",
    "pk": 18,
    "fields": {
      "source": 18,
      "destination": 19,
      "distance": 215
    }
  },
  {
    "model": "station.route",
    "pk": 19,
    "fields": {
      "source": 19,
      "destination": 20,
      "distance": 280
    }
  },
  {
    "model": "station.route",
    "pk": 20,
    "fields": {
      "source": 20,
      "destination": 1,
      "distance": 820
    }
  },
  {
    "model": "station.traintype",
    "pk": 1,
    "fields": {
      "name": "Intercity Express (ICE)"
    }
  },
  {
    "model": "station.traintype",
    "pk": 2,
    "fields": {
      "name": "Regional Express (RE)"
    }
  },
  {
    "model": "station.traintype",
    "pk": 3,
    "fields": {
      "name": "High-Speed Train (HST)"
    }
  },
  {
    "model": "station.traintype",
    "pk": 4,
    "fields": {
      "name": "Suburban Train (S-Bahn)"
    }
  },
  {
    "model": "station.traintype",
    "pk": 5,
    "fields": {
      "name": "Commuter Train"
    }
  },
  {
    "model": "station.train",
    "pk": 1,
    "fields": {
      "name": "ICE 1001",
      "car_num": 10,
      "places_in_car": 80,
      "train_type": 1
    }
  },
  {
    "model": "station.train",
    "pk": 2,
    "fields": {
      "name": "ICE 1002",
      "car_num": 12,
      "places_in_car": 85,
      "train_type": 1
    }
  },
  {
    "model": "station.train",
    "pk": 3,
    "fields": {
      "name": "RE 2001",
      "car_num": 8,
      "places_in_car": 60,
      "train_type": 2
    }
  },
  {
    "model": "station.train",
    "pk": 4,
    "fields": {
      "name": "RE 2002",
      "car_num": 6,
      "places_in_car": 62,
      "train_type": 2
    }
  },
  {
    "model": "station.train",
    "pk": 5,
    "fields": {
      "name": "HST 3001",
      "car_num": 12,
      "places_in_car": 90,
      "train_type": 3
    }
  },
  {
    "model": "station.train",
    "pk": 6,
    "fields": {
      "name": "HST 3002",
      "car_num": 14,
      "places_in_car": 88,
      "train_type": 3
    }
  },
  {
    "model": "station.train",
    "pk": 7,
    "fields": {
      "name": "S-Bahn 4001",
      "car_num": 5,
      "places_in_car": 50,
      "train_type": 4
    }
  },
  {
    "model": "station.train",
    "pk": 8,
    "fields": {
      "name": "S-Bahn 4002",
      "car_num": 6,
      "places_in_car": 55,
      "train_type": 4
    }
  },
  {
    "model": "station.train",
    "pk": 9,
    "fields": {
      "name": "Commuter 5001",
      "car_num": 4,
      "places_in_car": 40,
      "train_type": 5
    }
  },
  {
    "model": "station.train",
    "pk": 10,
    "fields": {
      "name": "Commuter 5002",
      "car_num": 4,
      "places_in_car": 42,
      "train_type": 5
    }
  },
  {
    "model": "station.train",
    "pk": 11,
    "fields": {
      "name": "ICE 1003",
      "car_num": 11,
      "places_in_car": 82,
      "train_type": 1
    }
  },
  {
    "model": "station.train",
    "pk": 12,
    "fields": {
      "name": "ICE 1004",
      "car_num": 10,
      "places_in_car": 78,
      "train_type": 1
    }
  },
  {
    "model": "station.train",
    "pk": 13,
    "fields": {
      "name": "RE 2003",
      "car_num": 7,
      "places_in_car": 61,
      "train_type": 2
    }
  },
  {
    "model": "station.train",
    "pk": 14,
    "fields": {
      "name": "RE 2004",
      "car_num": 8,
      "places_in_car": 63,
      "train_type": 2
    }
  },
  {
    "model": "station.train",
    "pk": 15,
    "fields": {
      "name": "HST 3003",
      "car_num": 13,
      "places_in_car": 92,
      "train_type": 3
    }
  },
  {
    "model": "station.train",
    "pk": 16,
    "fields": {
      "name": "HST 3004",
      "car_num": 14,
      "places_in_car": 87,
      "train_type": 3
    }
  },
  {
    "model": "station.train",
    "pk": 17,
    "fields": {
      "name": "S-Bahn 4003",
      "car_num": 5,
      "places_in_car": 53,
      "train_type": 4
    }
  },
  {
    "model": "station.train",
    "pk": 18,
    "fields": {
      "name": "S-Bahn 4004",
      "car_num": 6,
      "places_in_car": 52,
      "train_type": 4
    }
  },
  {
    "model": "station.train",
    "pk": 19,
    "fields": {
      "name": "Commuter 5003",
      "car_num": 4,
      "places_in_car": 41,
      "train_type": 5
    }
  },
  {
    "model": "station.train",
    "pk": 20,
    "fields": {
      "name": "Commuter 5004",
      "car_num": 4,
      "places_in_car": 45,
      "train_type": 5
    }
  },
  {
    "model": "station.crewmember",
    "pk": 1,
    "fields": {
      "first_name": "Andriy",
      "last_name": "Shevchenko",
      "image": null
    }
  },
  {
    "model": "station.crewmember",
    "pk": 2,
    "fields": {
      "first_name": "Oksana",
      "last_name": "Zhuk",
      "image": null
    }
  },
  {
    "model": "station.crewmember",
    "pk": 3,
    "fields": {
      "first_name": "Ivan",
      "last_name": "Petrenko",
      "image": null
    }
  },
  {
    "model": "station.crewmember",
    "pk": 4,
    "fields": {
      "first_name": "Kateryna",
      "last_name": "Koval",
      "image": null
    }
  },
  {
    "model": "station.crewmember",
    "pk": 5,
    "fields": {
      "first_name": "Volodymyr",
      "last_name": "Kruchko",
      "image": null
    }
  },
  {
    "model": "station.crewmember",
    "pk": 6,
    "fields": {
      "first_name": "Oleksandr",
      "last_name": "Melnyk",
      "image": null
    }
  },
  {
    "model": "station.crewmember",
    "pk": 7,
    "fields": {
      "first_name": "Olha",
      "last_name": "Tymoshenko",
      "image": null
    }
  },
  {
    "model": "station.crewmember",
    "pk": 8,
    "fields": {
      "first_name": "Mykola",
      "last_name": "Bondar",
      "image": null
    }
  },
  {
    "model": "station.crewmember",
    "pk": 9,
    "fields": {
      "first_name": "Yulia",
      "last_name": "Horbatyuk",
      "image": null
    }
  },
  {
    "model": "station.crewmember",
    "pk": 10,
    "fields": {
      "first_name": "Roman",
      "last_name": "Stepanov",
      "image": null
    }
  },
  {
    "model": "station.crewmember",
    "pk": 11,
    "fields": {
      "first_name": "Nadiya",
      "last_name": "Vasylchenko",
      "image": null
    }
  },
  {
    "model": "station.crewmember",
    "pk": 12,
    "fields": {
      "first_name": "Serhiy",
      "last_name": "Boiko",
      "image": null
    }
  },
  {
    "model": "station.crewmember",
    "pk": 13,
    "fields": {
      "first_name": "Halyna",
      "last_name": "Popovych",
      "image": null
    }
  },
  {
    "model": "station.crewmember",
    "pk": 14,
    "fields": {
      "first_name": "Taras",
      "last_name": "Sydorenko",
      "image": null
    }
  },
  {
    "model": "station.crewmember",
    "pk": 15,
    "fields": {
      "first_name": "Svitlana",
      "last_name": "Moroz",
      "image": null
    }
  },
  {
    "model": "station.crewmember",
    "pk": 16,
    "fields": {
      "first_name": "Oleksii",
      "last_name": "Prokopenko",
      "image": null
    }
  },
  {
    "model": "station.crewmember",
    "pk": 17,
    "fields": {
      "first_name": "Larysa",
      "last_name": "Danylenko",
      "image": null
    }
  },
  {
    "model": "station.crewmember",
    "pk": 18,
    "fields": {
      "first_name": "Ihor",
      "last_name": "Kryvyi",
      "image": null
    }
  },
  {
    "model": "station.crewmember",
    "pk": 19,
    "fields": {
      "first_name": "Anatolii",
      "last_name": "Lytvyn",
      "image": null
    }
  },
  {
    "model": "station.crewmember",
    "pk": 20,
    "fields": {
      "first_name": "Tamara",
      "last_name": "Yurchenko",
      "image": null
    }
  },
  {
    "model": "station.crewmember",
    "pk": 21,
    "fields": {
      "first_name": "Dmytro",
      "last_name": "Vorobyov",
      "image": null
    }
  },
  {
    "model": "station.crewmember",
    "pk": 22,
    "fields": {
      "first_name": "Alina",
      "last_name": "Fedorchuk",
      "image": null
    }
  },
  {
    "model": "station.crewmember",
    "pk": 23,
    "fields": {
      "first_name": "Maksym",
      "last_name": "Zahorodniy",
      "image": null
    }
  },
  {
    "model": "station.crewmember",
    "pk": 24,
    "fields": {
      "first_name": "Anastasiia",
      "last_name": "Shulga",
      "image": null
    }
  },
  {
    "model": "station.crewmember",
    "pk": 25,
    "fields": {
      "first_name": "Petro",
      "last_name": "Khomenko",
      "image": null
    }
  },
  {
    "model": "station.crewmember",
    "pk": 26,
    "fields": {
      "first_name": "Oleh",
      "last_name": "Borsuk",
      "image": null
    }
  },
  {
    "model": "station.crewmember",
    "pk": 27,
    "fields": {
      "first_name": "Natalia",
      "last_name": "Mykhailyk",
      "image": null
    }
  },
  {
    "model": "station.crewmember",
    "pk": 28,
    "fields": {
      "first_name": "Yevhen",
      "last_name": "Chornyi",
      "image": null
    }
  },
  {
    "model": "station.crewmember",
    "pk": 29,
    "fields": {
      "first_name": "Iryna",
      "last_name": "Tkachenko",
      "image": null
    }
  },
  {
    "model": "station.crewmember",
    "pk": 30,
    "fields": {
      "first_name": "Stepan",
      "last_name": "Hryniv",
      "image": null
    }
  },
  {
    "model": "station.crewmember",
    "pk": 31,
    "fields": {
      "first_name": "Oleksandr",
      "last_name": "Savchenko",
      "image": null
    }
  },
  {
    "model": "station.crewmember",
    "pk": 32,
    "fields": {
      "first_name": "Tetiana",
      "last_name": "Poliuk",
      "image": null
    }
  },
  {
    "model": "station.crewmember",
    "pk": 33,
    "fields": {
      "first_name": "Vadym",
      "last_name": "Holovko",
      "image": null
    }
  },
  {
    "model": "station.crewmember",
    "pk": 34,
    "fields": {
      "first_name": "Maryna",
      "last_name": "Havryliuk",
      "image": null
    }
  },
  {
    "model": "station.crewmember",
    "pk": 35,
    "fields": {
      "first_name": "Bohdan",
      "last_name": "Lukashenko",
      "image": null
    }
  },
  {
    "model": "station.crewmember",
    "pk": 36,
    "fields": {
      "first_name": "Oksana",
      "last_name": "Bilan",
      "image": null
    }
  },
  {
    "model": "station.crewmember",
    "pk": 37,
    "fields": {
      "first_name": "Viktor",
      "last_name": "Myronenko",
      "image": null
    }
  },
  {
    "model": "station.crewmember",
    "pk": 38,
    "fields": {
      "first_name": "Yuliia",
      "last_name": "Sotnyk",
      "image": null
    }
  },
  {
    "model": "station.crewmember",
    "pk": 39,
    "fields": {
      "first_name": "Ihor",
      "last_name": "Melnyk",
      "image": null
    }
  },
  {
    "model": "station.crewmember",
    "pk": 40,
    "fields": {
      "first_name": "Vira",
      "last_name": "Oliinyk",
      "image": null
    }
  },
  {
    "model": "station.crewmember",
    "pk": 41,
    "fields": {
      "first_name": "Daria",
      "last_name": "Zinchenko",
      "image": null
    }
  },
  {
    "model": "station.crewmember",
    "pk": 42,
    "fields": {
      "first_name": "Yaroslav",
      "last_name": "Stepanov",
      "image": null
    }
  },
  {
    "model": "station.crewmember",
    "pk": 43,
    "fields": {
      "first_name": "Olena",
      "last_name": "Babak",
      "image": null
    }
  },
  {
    "model": "station.crewmember",
    "pk": 44,
    "fields": {
      "first_name": "Serhii",
      "last_name": "Ostapenko",
      "image": null
    }
  },
  {
    "model": "station.crewmember",
    "pk": 45,
    "fields": {
      "first_name": "Tamara",
      "last_name": "Tkachenko",
      "image": null
    }
  },
  {
    "model": "station.crewmember",
    "pk": 46,
    "fields": {
      "first_name": "Vladyslav",
      "last_name": "Bohdanov",
      "image": null
    }
  },
  {
    "model": "station.crewmember",
    "pk": 47,
    "fields": {
      "first_name": "Natalia",
      "last_name": "Pavlenko",
      "image": null
    }
  },
  {
    "model": "station.crewmember",
    "pk": 48,
    "fields": {
      "first_name": "Orest",
      "last_name": "Kovalchuk",
      "image": null
    }
  },
  {
    "model": "station.crewmember",
    "pk": 49,
    "fields": {
      "first_name": "Iryna",
      "last_name": "Hryshchenko",
      "image": null
    }
  },
  {
    "model": "station.crewmember",
    "pk": 50,
    "fields": {
      "first_name": "Yevhenii",
      "last_name": "Voronov",
      "image": null
    }
  },
  {
    "model": "station.crewmember",
    "pk": 51,
    "fields": {
      "first_name": "Myroslava",
      "last_name": "Dovhal",
      "image": null
    }
  },
  {
    "model": "station.crewmember",
    "pk": 52,
    "fields": {
      "first_name": "Leonid",
      "last_name": "Zaliznyak",
      "image": null
    }
  },
  {
    "model": "station.crewmember",
    "pk": 53,
    "fields": {
      "first_name": "Valentyn",
      "last_name": "Kuznetsov",
      "image": null
    }
  },
  {
    "model": "station.crewmember",
    "pk": 54,
    "fields": {
      "first_name": "Zinaida",
      "last_name": "Semenova",
      "image": null
    }
  },
  {
    "model": "station.crewmember",
    "pk": 55,
    "fields": {
      "first_name": "Mikhail",
      "last_name": "Morozov",
      "image": null
    }
  },
  {
    "model": "station.crewmember",
    "pk": 56,
    "fields": {
      "first_name": "Olesia",
      "last_name": "Shapoval",
      "image": null
    }
  },
  {
    "model": "station.crewmember",
    "pk": 57,
    "fields": {
      "first_name": "Pavlo",
      "last_name": "Bilyk",
      "image": null
    }
  },
  {
    "model": "station.crewmember",
    "pk": 58,
    "fields": {
      "first_name": "Lyudmyla",
      "last_name": "Sydorov",
      "image": null
    }
  },
  {
    "model": "station.crewmember",
    "pk": 59,
    "fields": {
      "first_name": "Artem",
      "last_name": "Senkiv",
      "image": null
    }
  },
  {
    "model": "station.crewmember",
    "pk": 60,
    "fields": {
      "first_name": "Rostyslav",
      "last_name": "Kalinchenko",
      "image": null
    }
  },
  {
    "model": "station.trip",
    "pk": 1,
    "fields": {
      "route": 1,
      "train": 1,
      "crew": [
        1,
        2,
        3
      ],
      "departure_time": "2024-10-16T08:00:00Z",
      "arrival_time": "2024-10-16T10:30:00Z"
    }
  },
  {
    "model": "station.trip",
    "pk": 2,
    "fields": {
      "route": 2,
      "train": 2,
      "crew": [
        4,
        5
      ],
      "departure_time": "2024-10-16T09:00:00Z",
      "arrival_time": "2024-10-16T11:45:00Z"
    }
  },
  {
    "model": "station.trip",
    "pk": 3,
    "fields": {
      "route": 3,
      "train": 3,
      "crew": [
        6,
        7,
        8
      ],
      "departure_time": "2024-10-16T10:00:00Z",
      "arrival_time": "2024-10-16T12:15:00Z"
    }
  },
  {
    "model": "station.trip",
    "pk": 4,
    "fields": {
      "route": 4,
      "train": 4,
      "crew": [
        9,
        10
      ],
      "departure_time": "2024-10-16T11:00:00Z",
      "arrival_time": "2024-10-16T13:30:00Z"
    }
  },
  {
    "model": "station.trip",
    "pk": 5,
    "fields": {
      "route": 5,
      "train": 5,
      "crew": [
        11,
        12,
        13
      ],
      "departure_time": "2024-10-16T12:00:00Z",
      "arrival_time": "2024-10-16T14:00:00Z"
    }
  },
  {
    "model": "station.trip",
    "pk": 6,
    "fields": {
      "route": 6,
      "train": 1,
      "crew": [
        14,
        15
      ],
      "departure_time": "2024-10-16T13:00:00Z",
      "arrival_time": "2024-10-16T15:15:00Z"
    }
  },
  {
    "model": "station.trip",
    "pk": 7,
    "fields": {
      "route": 7,
      "train": 2,
      "crew": [
        16,
        17,
        18
      ],
      "departure_time": "2024-10-16T14:00:00Z",
      "arrival_time": "2024-10-16T16:45:00Z"
    }
  },
  {
    "model": "station.trip",
    "pk": 8,
    "fields": {
      "route": 8,
      "train": 3,
      "crew": [
        19,
        20
      ],
      "departure_time": "2024-10-16T15:00:00Z",
      "arrival_time": "2024-10-16T17:30:00Z"
    }
  },
  {
    "model": "station.trip",
    "pk": 9,
    "fields": {
      "route": 9,
      "train": 4,
      "crew": [
        21,
        22,
        23
      ],
      "departure_time": "2024-10-16T16:00:00Z",
      "arrival_time": "2024-10-16T18:30:00Z"
    }
  },
  {
    "model": "station.trip",
    "pk": 10,
    "fields": {
      "route": 10,
      "train": 5,
      "crew": [
        24,
        25
      ],
      "departure_time": "2024-10-16T17:00:00Z",
      "arrival_time": "2024-10-16T19:00:00Z"
    }
  },
  {
    "model": "station.trip",
    "pk": 11,
    "fields": {
      "route": 11,
      "train": 1,
      "crew": [
        26,
        27,
        28
      ],
      "departure_time": "2024-10-17T08:00:00Z",
      "arrival_time": "2024-10-17T10:30:00Z"
    }
  },
  {
    "model": "station.trip",
    "pk": 12,
    "fields": {
      "route": 12,
      "train": 2,
      "crew": [
        29,
        30
      ],
      "departure_time": "2024-10-17T09:00:00Z",
      "arrival_time": "2024-10-17T11:45:00Z"
    }
  },
  {
    "model": "station.trip",
    "pk": 13,
    "fields": {
      "route": 13,
      "train": 3,
      "crew": [
        31,
        32,
        33
      ],
      "departure_time": "2024-10-17T10:00:00Z",
      "arrival_time": "2024-10-17T12:15:00Z"
    }
  },
  {
    "model": "station.trip",
    "pk": 14,
    "fields": {
      "route": 14,
      "train": 4,
      "crew": [
        34,
        35
      ],
      "departure_time": "2024-10-17T11:00:00Z",
      "arrival_time": "2024-10-17T13:30:00Z"
    }
  },
  {
    "model": "station.trip",
    "pk": 15,
    "fields": {
      "route": 15,
      "train": 5,
      "crew": [
        36,
        37,
        38
      ],
      "departure_time": "2024-10-17T12:00:00Z",
      "arrival_time": "2024-10-17T14:00:00Z"
    }
  },
  {
    "model": "station.trip",
    "pk": 16,
    "fields": {
      "route": 16,
      "train": 1,
      "crew": [
        39,
        40
      ],
      "departure_time": "2024-10-17T13:00:00Z",
      "arrival_time": "2024-10-17T15:15:00Z"
    }
  },
  {
    "model": "station.trip",
    "pk": 17,
    "fields": {
      "route": 17,
      "train": 2,
      "crew": [
        41,
        42,
        43
      ],
      "departure_time": "2024-10-17T14:00:00Z",
      "arrival_time": "2024-10-17T16:45:00Z"
    }
  },
  {
    "model": "station.trip",
    "pk": 18,
    "fields": {
      "route": 18,
      "train": 3,
      "crew": [
        44,
        45
      ],
      "departure_time": "2024-10-17T15:00:00Z",
      "arrival_time": "2024-10-17T17:30:00Z"
    }
  },
  {
    "model": "station.trip",
    "pk": 19,
    "fields": {
      "route": 19,
      "train": 4,
      "crew": [
        46,
        47,
        48
      ],
      "departure_time": "2024-10-17T16:00:00Z",
      "arrival_time": "2024-10-17T18:30:00Z"
    }
  },
  {
    "model": "station.trip",
    "pk": 20,
    "fields": {
      "route": 20,
      "train": 5,
      "crew": [
        49,
        50
      ],
      "departure_time": "2024-10-17T17:00:00Z",
      "arrival_time": "2024-10-17T19:00:00Z"
    }
  }
]
